{
  "frequencies_ghz": [
    1,
    2,
    4,
    6,
    8,
    10,
    12,
    15,
    20,
    25,
    30,
    40,
    50,
    60,
    80,
    100
  ],
  "horizontal": {
    "k": [
      3.87e-05,
      0.000154,
      0.00065,
      0.00175,
      0.00454,
      0.0101,
      0.0188,
      0.0367,
      0.0751,
      0.124,
      0.187,
      0.35,
      0.536,
      0.707,
      1.06,
      1.32
    ],
    "alpha": [
      0.912,
      0.963,
      1.121,
      1.308,
      1.327,
      1.276,
      1.217,
      1.154,
      1.099,
      1.061,
      1.021,
      0.939,
      0.873,
      0.826,
      0.753,
      0.723
    ]
  },
  "vertical": {
    "k": [
      3.52e-05,
      0.000138,
      0.000591,
      0.00155,
      0.00395,
      0.00887,
      0.0168,
      0.0335,
      0.0691,
      0.113,
      0.167,
      0.31,
      0.479,
      0.642,
      0.975,
      1.24
    ],
    "alpha": [
      0.88,
      0.923,
      1.075,
      1.265,
      1.31,
      1.264,
      1.2,
      1.128,
      1.065,
      1.03,
      0.997,
      0.929,
      0.868,
      0.824,
      0.752,
      0.72
    ]
  },
  "formula": "gamma_R = k * R^alpha [dB/km], R in mm/hr"
}